{"tick": 47, "useful": 0.0, "generation_models": {"s1": {"kind": "solar", "factor": 0.43706000000000006, "strength": 0.6724000000000001, "err": 0.5556816428026257, "samples": 2}, "a2": {"kind": "wind", "factor": 0.0032275200000000006, "rot_factor": 80.0, "wind_to_rot": 0.04, "strength": 0.6724000000000001, "err": 2.1807773193759115, "last_failed": 0, "samples": 2}, "a1": {"kind": "wind", "factor": 0.0032275200000000006, "rot_factor": 80.0, "wind_to_rot": 0.04, "strength": 0.6724000000000001, "err": 2.1807773193759115, "last_failed": 0, "samples": 2}}, "loss_model": {"ratio_ewma": 0.12}, "last_tick": {"balance_next": -4.012299, "generation_next": 2.359796, "losses_next": 0.562636, "wind_risk": 0.068877, "branch_risk": 1.402778, "market_fill": 0.75, "reserve_floor": 0.0, "anti_dump_cap": 10.0}}