{
  "prev_useful": -12.452359007081794,
  "last_sell_volume": 0.0,
  "abs_err_ewma": 8.392772772196155,
  "loss_ratio_ewma": 0.3418418976029642,
  "fill_ratio_ewma": 0.72,
  "market_ref": 4.824276500668661,
  "object_models": {
    "s1": {
      "kind": "solar",
      "factor": 0.21444539604942037,
      "err": 0.34013039475598755
    },
    "h1": {
      "kind": "load",
      "bias": 0.6000012759819594,
      "err": 1.6353019522113323
    },
    "s7": {
      "kind": "solar",
      "factor": 0.42397290525592685,
      "err": 0.37426802275294374
    },
    "s8": {
      "kind": "solar",
      "factor": 0.48173665260239573,
      "err": 0.3971517573097983
    },
    "d1": {
      "kind": "load",
      "bias": 0.6000012759819594,
      "err": 1.8414650055182695
    },
    "b1|b2": {
      "kind": "load",
      "bias": 0.6000012759819594,
      "err": 2.4635339500445177
    },
    "d2": {
      "kind": "load",
      "bias": 0.6000012759819594,
      "err": 1.8414650055182695
    },
    "f3|f4": {
      "kind": "load",
      "bias": 0.6000012759819594,
      "err": 3.0160809828061943
    },
    "a6": {
      "kind": "wind",
      "factor": 0.10079999999999999,
      "rot_factor": 4.999999814736501,
      "rot_scale": 0.4000021749692493,
      "err": 5.518578226667064,
      "last_failed": 6
    },
    "a8": {
      "kind": "wind",
      "factor": 0.10079999999999999,
      "rot_factor": 4.965316776387466,
      "rot_scale": 0.4000021749692493,
      "err": 5.443456457850535,
      "last_failed": 6
    },
    "o9": {
      "kind": "load",
      "bias": 0.6000012759819594,
      "err": 2.2973748660713915
    }
  },
  "last_forecast_actuals": {
    "80": {
      "hospital": 3.8527874762436722,
      "factory": 6.893564659422852,
      "office": 3.962303425996867,
      "houseA": 4.759728610792852,
      "houseB": 5.175848705208928,
      "sun": 14.342504072375185,
      "wind": 10.708718217479458
    },
    "81": {
      "hospital": 4.057757700065455,
      "factory": 6.671326476622044,
      "office": 4.380870396025205,
      "houseA": 5.314276491137725,
      "houseB": 5.175567270666862,
      "sun": 14.496078941672172,
      "wind": 11.738338881243003
    },
    "82": {
      "hospital": 3.9868808365252506,
      "factory": 5.834664849754319,
      "office": 4.228023371361534,
      "houseA": 5.3217966057920885,
      "houseB": 5.32822812649912,
      "sun": 13.771489926389618,
      "wind": 11.819089883880123
    },
    "83": {
      "hospital": 3.901938188047073,
      "factory": 5.695070802005956,
      "office": 4.227877389706112,
      "houseA": 5.637952285156701,
      "houseB": 5.515354996175321,
      "sun": 12.801730185021448,
      "wind": 11.78384947563136
    },
    "84": {
      "hospital": 3.8333533718496335,
      "factory": 5.28250836319391,
      "office": 4.494524201575562,
      "houseA": 5.596914404188972,
      "houseB": 5.69242679850547,
      "sun": 11.301072064531834,
      "wind": 11.724026804565733
    },
    "85": {
      "hospital": 3.7021159390606115,
      "factory": 5.117123266973686,
      "office": 4.59065649177392,
      "houseA": 5.162515277315802,
      "houseB": 5.877523791558213,
      "sun": 10.8935359356916,
      "wind": 11.685167962468501
    },
    "86": {
      "hospital": 3.62086076591131,
      "factory": 5.147030979015242,
      "office": 4.2345628940371665,
      "houseA": 5.219574034725783,
      "houseB": 5.564521098044955,
      "sun": 10.268895100015854,
      "wind": 11.58820088518591
    },
    "87": {
      "hospital": 3.880973397557671,
      "factory": 5.071212736882529,
      "office": 4.262148963921158,
      "houseA": 4.362869270126924,
      "houseB": 5.547232990611832,
      "sun": 9.506215654550441,
      "wind": 11.586747021050403
    },
    "88": {
      "hospital": 4.030187865806958,
      "factory": 4.9711012881618615,
      "office": 4.007953860553266,
      "houseA": 3.8520835207476987,
      "houseB": 4.544220821962166,
      "sun": 8.51858640812237,
      "wind": 11.919848742687718
    },
    "89": {
      "hospital": 3.9208675935759967,
      "factory": 4.89157844852865,
      "office": 3.850294323346822,
      "houseA": 3.663808688986005,
      "houseB": 4.729141476772727,
      "sun": 7.5325269436314946,
      "wind": 11.403295057488883
    },
    "90": {
      "hospital": 4.272171225929546,
      "factory": 5.192761546156399,
      "office": 4.017050523551038,
      "houseA": 3.0308593590614645,
      "houseB": 4.466157027043176,
      "sun": 6.447155746920622,
      "wind": 11.465669873514834
    },
    "91": {
      "hospital": 3.936087817647358,
      "factory": 5.030901883731811,
      "office": 3.8603800948534106,
      "houseA": 2.9112621242706775,
      "houseB": 3.1818368200811507,
      "sun": 5.339646885324533,
      "wind": 11.423404695659178
    },
    "92": {
      "hospital": 4.103573005336351,
      "factory": 4.897499536340454,
      "office": 3.525501680641099,
      "houseA": 2.5531126658756773,
      "houseB": 3.1686266100266334,
      "sun": 4.531420532320806,
      "wind": 11.515538131504535
    },
    "93": {
      "hospital": 4.054371538434955,
      "factory": 4.700561244079282,
      "office": 3.665069721902318,
      "houseA": 2.2088903914702693,
      "houseB": 3.1218540525823815,
      "sun": 2.080366737716143,
      "wind": 11.137653663140826
    },
    "94": {
      "hospital": 3.9560844852815955,
      "factory": 5.002923605377129,
      "office": 3.5873501861244326,
      "houseA": 2.3523373794787585,
      "houseB": 3.116265307366038,
      "sun": 1.258521307258883,
      "wind": 11.737152545843413
    },
    "95": {
      "hospital": 4.239375528242284,
      "factory": 5.144044776384783,
      "office": 3.7647386035844663,
      "houseA": 2.2472023259454783,
      "houseB": 2.697554758515741,
      "sun": 0.41732093682440735,
      "wind": 9.71422999533745
    },
    "96": {
      "hospital": 4.786993018653089,
      "factory": 5.140876807732478,
      "office": 3.5336193196569945,
      "houseA": 1.837904117067219,
      "houseB": 2.902988548489197,
      "sun": 0.0,
      "wind": 10.632242582418476
    },
    "97": {
      "hospital": 5.124014296482899,
      "factory": 5.173528710940081,
      "office": 3.499626250539047,
      "houseA": 2.2413492624895457,
      "houseB": 2.6188148795584363,
      "sun": 0.0,
      "wind": 8.710930844909912
    },
    "98": {
      "hospital": 5.191534084781484,
      "factory": 5.2460657011425065,
      "office": 3.568275145639358,
      "houseA": 2.265676261147556,
      "houseB": 2.9582051012700985,
      "sun": 0.0,
      "wind": 9.79093995547953
    },
    "99": {
      "hospital": 4.6930483360029065,
      "factory": 4.980605849724209,
      "office": 3.605574570261822,
      "houseA": 2.0247714962444667,
      "houseB": 2.9808810621871955,
      "sun": 0.0,
      "wind": 11.870907130025522
    }
  },
  "cumulative": {
    "solar_generated": 1159.31640625,
    "wind_generated": 1219.9725031625571,
    "gross_generated": 2417.6889094125554,
    "gross_consumed": 2096.0306454334936,
    "losses": 957.8456433161263,
    "useful_energy": -636.1873793370636,
    "buy_asked": 0.0,
    "buy_contracted": 0.0,
    "sell_asked": 0.0,
    "sell_contracted": 0.0,
    "instant_abs": 1460.9805945919536
  },
  "cfg_runtime": {
    "exchangeMaxTickets": 100,
    "exchangeExternalSell": 2.0,
    "exchangeExternalBuy": 10.0,
    "exchangeExternalInstantSell": 1.5,
    "exchangeExternalInstantBuy": 12.0,
    "exchangeAmountScaler": 1.2,
    "exchangeAmountBuffer": 10.0,
    "cellCapacity": 120.0,
    "cellChargeRate": 15.0,
    "cellDischargeRate": 20.0,
    "corridorSun": 0.5,
    "corridorWind": 0.0,
    "corridorFactory": 0.5,
    "corridorOffice": 0.5,
    "corridorHospital": 0.25,
    "corridorHouseA": 0.5,
    "corridorHouseB": 0.5,
    "maxSolarPower": 20.0,
    "maxWindPower": 20.0,
    "exchangeConsumerPriceStep": 0.2,
    "weatherEffectsDelay": 2
  },
  "weather_runtime": {
    "wind": 11.870907130025522,